sound,bodyfall_carpet_large
sound,bricks_crumbling
sound,building_explosion1
sound,building_explosion2
sound,building_explosion3
sound,cgo_glass_bottle_break
sound,clusterbomb_explode_default
sound,clusterbomb_explode_layer
sound,clusterbomb_explode_layer_2
sound,detpack_explo_default
sound,detpack_explo_layer
sound,detpack_explo_layer1
sound,detpack_explo_layer2
sound,detpack_explo_layer3
sound,detpack_explo_main
sound,elm_metal_rattle
sound,elm_metal_stress
sound,elm_wind_buffet
sound,elm_windgust1
sound,elm_windgust2
sound,elm_windgust3
sound,elm_windgust4
sound,emt_wood_creak_heavy
sound,emt_wood_creak_heavy2
sound,emt_wood_creak_light
sound,explo_metal_rand
sound,explo_mine
sound,explo_roadblock_layer
sound,explo_tree
sound,mtl_pipe_hit_water
sound,rocket_explode_asphalt
sound,rocket_explode_asphault
sound,rocket_explode_bark
sound,rocket_explode_brick
sound,rocket_explode_carpet
sound,rocket_explode_ceramic
sound,rocket_explode_cloth
sound,rocket_explode_concrete
sound,rocket_explode_concrete_layer
sound,rocket_explode_cushion
sound,rocket_explode_default
sound,rocket_explode_dirt
sound,rocket_explode_flesh
sound,rocket_explode_foliage
sound,rocket_explode_fruit
sound,rocket_explode_glass
sound,rocket_explode_grass
sound,rocket_explode_gravel
sound,rocket_explode_ice
sound,rocket_explode_metal
sound,rocket_explode_mud
sound,rocket_explode_paintedmetal
sound,rocket_explode_paper
sound,rocket_explode_plaster
sound,rocket_explode_plastic
sound,rocket_explode_rock
sound,rocket_explode_rubber
sound,rocket_explode_sand
sound,rocket_explode_snow
sound,rocket_explode_water
sound,rocket_explode_wood
sound,smallfire
sound,vehicle_fire
sound,vehicle_fire_medium
sound,vehicle_fire_small
sound,weap_special_turret
sound,weapons_rocket_explosion
sound,wood_door_kick
sound,amb_mp_creek_ext
sound,amb_mp_creek_int
sound,amb_mp_creek_int_rear
sound,amb_mp_creek_rear
sound,car_explode
sound,car_explode_debris
sound,car_explode_lfe
sound,car_explode_tail
sound,emt_bush_foliage_01
sound,emt_bush_foliage_02
sound,emt_debris_settle_sml
sound,emt_drip
sound,emt_dust_debris_falling
sound,emt_dust_rock_debris
sound,emt_fire_crackle_lp_01
sound,emt_fire_crackle_lp_02
sound,emt_foliage_01
sound,emt_foliage_02
sound,emt_insect_buzz_close
sound,emt_insect_close_lp_01
sound,emt_insect_close_lp_02
sound,emt_insect_close_lp_03
sound,emt_insect_lp_01
sound,emt_insect_lp_02
sound,emt_insect_lp_03
sound,emt_insect_lp_04
sound,emt_insect_lp_05
sound,emt_insect_lp_06
sound,emt_insect_lp_07
sound,emt_insect_lp_08
sound,emt_insect_water_lp_01
sound,emt_insect_water_lp_02
sound,emt_insect_water_lp_03
sound,emt_metal_pops_light_01
sound,emt_metal_pops_light_02
sound,emt_sfx_wind_leaves
sound,emt_sfx_wind_trash
sound,emt_skitter
sound,emt_tarp_lp
sound,emt_trash_tornado
sound,emt_tree_foliage
sound,emt_wind_grass_lp_01
sound,emt_wind_grass_lp_02
sound,emt_wind_grass_lp_03
sound,emt_wind_grass_lp_04
sound,emt_wind_gust
sound,emt_wind_gust_02
sound,emt_wind_gust_leaves
sound,emt_wind_leaves_dry_lp_01
sound,emt_wind_leaves_dry_lp_02
sound,emt_wind_leaves_tree_lp_01
sound,emt_wind_leaves_tree_lp_02
sound,emt_wind_leaves_tree_lp_03
sound,emt_wind_leaves_tree_lp_04
sound,emt_wind_lp_01
sound,emt_wind_lp_02
sound,emt_wind_lp_03
sound,emt_wind_lp_04
sound,emt_wind_lp_05
sound,emt_wood_creak_lp_01
sound,emt_wood_creak_lp_02
sound,emt_wood_creak_lp_03
sound,fire_med_01
sound,fire_med_02
sound,fire_sml_01
sound,fire_sml_02
sound,fire_vehicle_med
sound,fire_vehicle_med_lp_01
sound,flies_lp_01
sound,flies_lp_02
sound,glass_debris_falling_sml
sound,glass_pane_blowout
sound,glass_pane_blowout_layer_2
sound,glass_pane_blowout_layer_3
sound,glass_pane_breakout
sound,glass_pane_shatter
sound,glass_pane_shatter_debris
sound,leaf_rustle
sound,metal_creaks_pops_lp_01
sound,metal_creaks_pops_lp_02
sound,metal_stress_sml
sound,mixed_debris_light_lp
sound,mixed_debris_med
sound,stream_lp_01
sound,stream_lp_02
sound,waterfall_close_lp
sound,waterfall_dist_lp
sound,waterfall_splats_lp
sound,wind_gust_litter
sound,wood_creak_light
