sound,amb_mp_overgrown_ext
sound,amb_mp_overgrown_int
sound,amb_mp_overgrown_int_rear
sound,amb_mp_overgrown_rear
sound,emt_fire_crackle_lp_01
sound,emt_fire_crackle_lp_02
sound,emt_insect_buzz_close
sound,emt_insect_close_lp_01
sound,emt_insect_close_lp_02
sound,emt_insect_close_lp_03
sound,emt_insect_lp_01
sound,emt_insect_lp_02
sound,emt_insect_lp_03
sound,emt_insect_lp_04
sound,emt_insect_lp_05
sound,emt_insect_lp_06
sound,emt_insect_lp_07
sound,emt_insect_lp_08
sound,emt_insect_water_lp_01
sound,emt_insect_water_lp_02
sound,emt_insect_water_lp_03
sound,emt_metal_pops_light_01
sound,emt_metal_pops_light_02
sound,emt_thunder_roll
sound,emt_wind_grass_lp_01
sound,emt_wind_grass_lp_02
sound,emt_wind_grass_lp_03
sound,emt_wind_grass_lp_04
sound,emt_wind_gust_leaves
sound,emt_wind_leaves_dry_lp_01
sound,emt_wind_leaves_dry_lp_02
sound,emt_wind_leaves_tree_lp_01
sound,emt_wind_leaves_tree_lp_02
sound,emt_wind_leaves_tree_lp_03
sound,emt_wind_leaves_tree_lp_04
sound,emt_wood_creak_lp_01
sound,emt_wood_creak_lp_02
sound,emt_wood_creak_lp_03
sound,fire_vehicle_med_lp_01
sound,wood_creak_light
sound,deaths_door_breaths
sound,deaths_door_exit
sound,emt_elec_sparks_interior
sound,glass_pane_blowout
sound,glass_pane_blowout_layer_2
sound,glass_pane_blowout_layer_3
sound,glass_pane_breakout
sound,glass_pane_shatter
sound,glass_pane_shatter_debris
sound,h1r_default_helicopter_wind
sound,h1r_default_helicopter_wind_sur
sound,ui_pulse_text_type
sound,water_drip_close
sound,exp_debris_dirt_stone
sound,exp_debris_structure_collapse
sound,breathing_better
sound,breathing_heartbeat
sound,breathing_hurt
sound,breathing_hurt_start
sound,dive_wall
sound,phy_cargocontainer_default
sound,physics_harborplastic_default
sound,physics_metal_default
sound,fire_drip_flare
sound,fire_drip_splash
sound,h1_wep_air_cannon_cls
sound,h1_wep_air_cannon_far
sound,h1_wep_air_cannon_mid
sound,h1_wep_bmp_trt_fire_lp
sound,h1_wep_bmp_trt_fire_tl
sound,h1_wep_light_armor_gun_cls
sound,h1_wep_light_armor_gun_far
sound,h1_wep_light_armor_gun_mid
sound,h1_wep_M249_trt_fire_lp
sound,h1_wep_M249_trt_fire_tl
sound,hunted_crash_missile_explo
sound,hunted_crash_missile_explo_decay
sound,weap_hind_rocket_fire
sound,weap_m249saw_fire_npc
sound,weap_m249saw_turret_fire_npc_far
sound,weap_m249saw_turret_fire_npc_mid
sound,weap_m249saw_turret_fire_plr
sound,weap_m2_50cal_fire_npc
sound,weap_m4_fire_npc_far
sound,weap_m4_fire_npc_tail
sound,weap_m4carbine_fire_npc
sound,weap_saw_fire_npc_far
sound,weap_saw_fire_npc_tail
sound,wpn_handgun_holster
sound,car_explode
sound,car_explode_debris
sound,car_explode_lfe
sound,car_explode_tail
sound,fire_vehicle_med
sound,truck_explode
sound,truck_explode_debris
sound,truck_explode_lfe
sound,truck_explode_tail
sound,minigun_gatling_cooldown
sound,Minigun_gatling_fire
